"attendanceId","brethrenId"
"242","22"
"242","105"
"242","173"
"242","111"
"242","179"
"242","219"
"242","108"
"242","336"
"242","167"
"242","344"
"242","402"
"242","407"
"242","437"
"242","467"
"242","175"
"242","318"
"242","220"
"242","461"
"242","50"
"242","329"
"242","101"
"242","51"
"246","16"
"246","202"
"246","305"
"246","367"
"246","341"
"246","89"
"246","335"
"246","352"
"246","142"
"246","166"
"246","99"
"246","165"
"246","376"
"246","453"
"246","54"
"246","435"
"246","436"
"246","66"
"250","368"
"250","168"
"250","346"
"250","320"
"250","349"
"250","371"
"250","199"
"250","46"
"250","319"
"250","422"
"250","116"
"250","158"
"250","307"
"250","2"
"250","331"
"250","359"
"250","440"
"250","87"
"250","65"
"250","132"
"250","26"
"250","61"
"250","25"
"250","210"
"250","466"
"250","75"
"250","76"
"250","324"
"250","415"
"250","333"
"250","79"
"250","45"
"250","343"
"250","342"
"250","366"
"250","314"
"250","472"
"250","115"
"250","200"
"250","201"
"251","184"
"251","180"
"251","207"
"251","7"
"251","58"
"251","42"
"251","28"
"251","4"
"251","69"
"251","465"
"251","3"
"251","301"
"251","438"
"251","357"
"251","363"
"251","362"
"251","356"
"251","212"
"251","213"
"251","214"
"251","416"
"260","103"
"260","151"
"260","180"
"260","93"
"260","50"
"260","104"
"260","32"
"260","31"
"260","3"
"260","131"
"260","153"
"260","111"
"260","108"
"260","161"
"260","319"
"260","302"
"260","29"
"260","113"
"260","174"
"260","345"
"260","176"
"260","177"
"260","132"
"260","324"
"260","21"
"260","155"
"260","35"
"260","36"
"260","141"
"260","26"
"260","79"
"260","307"
"260","25"
"260","421"
"260","200"
"260","201"
"260","366"
"260","122"
"260","461"
"260","139"
"260","178"
"260","4"
"260","136"
"260","129"
"260","160"
"260","61"
"260","330"
"260","331"
"261","179"
"261","184"
"261","1"
"261","348"
"261","173"
"261","347"
"261","467"
"261","2"
"261","356"
"261","357"
"261","101"
"261","7"
"261","329"
"261","372"
"261","70"
"261","16"
"261","175"
"261","451"
"261","452"
"261","51"
"261","459"
"261","336"
"264","184"
"264","151"
"264","3"
"264","202"
"264","29"
"264","92"
"264","27"
"264","353"
"264","31"
"264","32"
"264","18"
"264","150"
"264","26"
"264","180"
"264","113"
"264","60"
"264","57"
"264","121"
"264","161"
"264","152"
"264","96"
"264","220"
"264","101"
"264","422"
"264","427"
"264","167"
"264","417"
"264","25"
"264","302"
"264","68"
"264","320"
"264","219"
"264","114"
"264","131"
"264","33"
"264","50"
"264","426"
"264","109"
"264","112"
"264","110"
"264","346"
"264","160"
"264","349"
"264","82"
"264","356"
"264","357"
"264","368"
"264","107"
"264","104"
"264","173"
"264","190"
"264","191"
"264","179"
"264","371"
"264","344"
"264","428"
"264","311"
"264","310"
"264","181"
"264","183"
"264","48"
"264","35"
"264","119"
"264","193"
"264","1"
"264","172"
"264","36"
"264","182"
"264","155"
"264","324"
"264","319"
"264","165"
"264","70"
"264","186"
"264","216"
"264","347"
"264","348"
"264","425"
"264","189"
"264","355"
"264","418"
"264","141"
"264","345"
"264","340"
"264","122"
"264","328"
"264","111"
"264","108"
"264","206"
"264","421"
"264","153"
"264","99"
"264","34"
"264","89"
"264","341"
"264","158"
"264","198"
"264","132"
"264","339"
"264","174"
"264","177"
"264","178"
"264","372"
"264","175"
"264","315"
"264","176"
"264","312"
"264","24"
"264","40"
"264","317"
"264","402"
"264","407"
"264","12"
"264","207"
"264","28"
"264","136"
"264","332"
"264","335"
"264","130"
"264","313"
"264","301"
"264","65"
"264","6"
"264","364"
"264","365"
"264","373"
"264","336"
"264","200"
"264","201"
"264","93"
"264","44"
"264","129"
"264","199"
"264","329"
"264","360"
"264","214"
"264","212"
"264","461"
"264","213"
"264","46"
"264","21"
"264","58"
"264","59"
"264","305"
"264","440"
"264","361"
"264","145"
"264","143"
"264","435"
"264","87"
"264","458"
"264","447"
"264","436"
"264","62"
"264","61"
"264","366"
"264","157"
"264","168"
"264","359"
"264","433"
"264","64"
"264","333"
"264","363"
"264","362"
"264","414"
"264","318"
"264","325"
"264","37"
"264","75"
"264","53"
"264","416"
"264","76"
"264","63"
"264","125"
"264","4"
"264","437"
"264","276"
"264","142"
"264","452"
"264","451"
"265","167"
"265","333"
"265","119"
"265","157"
"265","89"
"265","353"
"265","59"
"265","368"
"265","109"
"265","58"
"265","213"
"265","116"
"265","371"
"265","328"
"265","276"
"265","433"
"265","305"
"265","211"
"265","64"
"265","28"
"265","301"
"265","27"
"265","335"
"265","346"
"265","349"
"265","87"
"265","168"
"265","156"
"265","341"
"265","115"
"265","363"
"265","471"
"265","320"
"265","125"
"265","352"
"265","121"
"265","65"
"265","437"
"265","202"
"265","344"
"266","139"
"266","330"
"266","448"
"266","331"
"266","16"
"266","80"
"266","465"
"267","155"
"267","151"
"267","150"
"267","107"
"267","109"
"267","183"
"267","181"
"267","172"
"267","113"
"267","111"
"267","190"
"267","191"
"267","122"
"267","173"
"267","179"
"267","108"
"267","93"
"267","439"
"267","131"
"267","25"
"267","29"
"267","313"
"267","26"
"267","440"
"267","374"
"267","447"
"267","458"
"267","182"
"267","104"
"267","365"
"267","152"
"267","345"
"267","28"
"267","48"
"267","70"
"267","209"
"267","372"
"267","87"
"267","82"
"267","135"
"267","315"
"267","136"
"267","129"
"267","347"
"267","68"
"267","348"
"267","363"
"267","32"
"267","286"
"267","402"
"267","407"
"267","465"
"267","132"
"267","116"
"267","276"
"267","464"
"267","364"
"267","51"
"267","417"
"267","309"
"267","355"
"267","24"
"267","448"
"267","115"
"267","367"
"267","366"
"267","379"
"267","105"
"269","180"
"269","184"
"269","7"
"269","361"
"269","2"
"269","461"
"269","1"
"269","166"
"269","12"
"269","54"
"269","121"
"269","113"
"269","165"
"269","114"
"269","119"
"270","338"
"270","174"
"270","178"
"270","18"
"270","365"
"270","36"
"270","418"
"270","64"
"270","167"
"270","40"
"270","317"
"270","35"
"270","177"
"270","75"
"270","76"
"270","336"
"270","344"
"270","437"
"270","433"
"270","16"
"270","175"
"270","83"
"270","219"
"270","220"
"276","175"
"276","16"
"276","359"
"276","448"
"276","461"
"276","65"
"276","368"
"276","75"
"276","464"
"276","76"
"276","286"
"276","174"
"276","176"
"276","328"
"276","131"
"276","177"
"276","325"
"276","365"
"276","364"
"276","129"
"276","336"
"276","24"
"276","136"
"276","3"
"276","373"
"276","6"
"276","355"
"276","276"
"276","180"
"276","4"
"276","2"
"276","113"
"276","121"
"276","26"
"276","38"
"276","92"
"277","348"
"277","132"
"277","357"
"277","356"
"277","173"
"277","366"
"277","402"
"277","407"
"277","93"
"277","347"
"277","34"
"277","379"
"277","101"
"277","184"
"277","113"
"277","122"
"277","50"
"277","179"
"277","453"
"277","372"
"277","166"
"277","165"
"277","363"
"277","362"
"277","51"
"278","175"
"278","359"
"278","371"
"278","302"
"278","51"
"278","153"
"278","340"
"278","174"
"278","101"
"278","68"
"278","36"
"278","16"
"278","348"
"278","347"
"278","311"
"278","310"
"278","28"
"278","338"
"278","344"
"278","315"
"278","206"
"278","328"
"278","33"
"278","341"
"278","89"
"278","319"
"278","324"
"278","48"
"278","198"
"278","167"
"278","346"
"278","349"
"278","82"
"278","320"
"278","111"
"278","119"
"278","3"
"278","60"
"278","108"
"278","312"
"278","314"
"278","472"
"278","418"
"278","437"
"278","356"
"278","464"
"278","357"
"278","317"
"278","364"
"278","365"
"278","122"
"278","21"
"278","201"
"278","214"
"278","18"
"278","58"
"278","305"
"278","59"
"278","200"
"278","125"
"278","313"
"278","109"
"278","318"
"278","461"
"278","112"
"278","110"
"278","83"
"278","276"
"278","361"
"278","345"
"278","4"
"278","376"
"278","373"
"278","6"
"278","42"
"278","377"
"278","207"
"278","286"
"278","132"
"278","179"
"278","427"
"278","428"
"278","62"
"278","37"
"278","339"
"278","178"
"278","130"
"278","136"
"278","212"
"278","213"
"278","362"
"278","363"
"278","129"
"278","143"
"278","144"
"278","145"
"278","63"
"278","53"
"278","168"
"278","211"
"278","438"
"278","87"
"278","12"
"278","402"
"278","407"
"278","98"
"278","216"
"278","160"
"278","80"
"278","415"
"278","165"
"278","64"
"278","50"
"278","440"
"278","75"
"278","70"
"278","76"
"278","355"
"278","187"
"278","156"
"278","157"
"278","61"
"278","99"
"278","458"
"278","471"
"278","73"
"278","135"
"278","433"
"278","131"
"278","450"
"278","413"
"278","353"
"278","93"
"278","209"
"278","325"
"278","173"
"278","469"
"278","417"
"278","150"
"278","451"
"278","220"
"278","219"
"278","452"
"278","151"
"278","188"
"278","408"
"278","439"
"278","34"
"278","161"
"278","177"
"278","331"
"278","27"
"278","301"
"278","107"
"278","411"
"278","366"
"278","202"
"278","425"
"278","426"
"278","190"
"278","191"
"278","114"
"280","42"
"280","428"
"280","411"
"280","59"
"280","209"
"280","202"
"280","377"
"280","376"
"280","104"
"280","109"
"280","301"
"280","433"
"280","345"
"280","119"
"280","353"
"280","214"
"280","115"
"280","211"
"280","346"
"280","314"
"280","371"
"280","472"
"280","212"
"280","341"
"280","28"
"280","110"
"280","112"
"280","467"
"280","200"
"280","201"
"280","344"
"280","107"
"280","204"
"280","437"
"280","27"
"280","213"
"280","168"
"280","89"
"280","116"
"280","157"
"280","156"
"280","452"
"280","349"
"280","167"
"280","320"
"280","87"
"280","451"
"279","184"
"279","113"
"279","414"
"279","379"
"279","330"
"279","465"
"279","416"
"279","139"
"279","448"
"279","210"
"279","1"
"311","64"
"311","365"
"311","364"
"311","63"
"311","184"
"311","16"
"311","82"
"311","447"
"311","458"
"311","453"
"311","204"
"311","417"
"311","355"
"311","24"
"311","54"
"282","172"
"282","181"
"282","29"
"282","114"
"282","183"
"282","107"
"282","440"
"282","93"
"282","45"
"282","324"
"282","319"
"282","3"
"282","167"
"282","108"
"282","338"
"282","142"
"282","179"
"282","307"
"282","174"
"282","177"
"282","73"
"282","104"
"282","4"
"282","345"
"282","42"
"282","377"
"282","155"
"282","372"
"282","136"
"282","131"
"282","70"
"282","438"
"282","421"
"282","129"
"282","320"
"282","150"
"282","328"
"282","448"
"282","200"
"282","449"
"282","446"
"282","35"
"282","330"
"282","286"
"282","276"
"282","40"
"282","92"
"282","313"
"282","36"
"282","182"
"283","173"
"283","348"
"283","347"
"283","336"
"283","101"
"283","175"
"283","28"
"283","344"
"283","437"
"283","435"
"283","436"
"304","155"
"304","104"
"304","18"
"304","422"
"304","60"
"304","93"
"304","122"
"304","131"
"304","153"
"304","50"
"304","2"
"304","320"
"304","111"
"304","108"
"304","421"
"304","373"
"304","6"
"304","51"
"304","367"
"304","102"
"304","176"
"304","179"
"304","345"
"304","150"
"304","35"
"304","448"
"304","174"
"304","141"
"304","36"
"304","82"
"304","177"
"304","73"
"304","372"
"304","70"
"304","152"
"304","336"
"304","175"
"304","366"
"304","328"
"304","461"
"304","338"
"304","32"
"304","78"
"304","413"
"304","438"
"304","101"
"304","331"
"304","330"
"304","363"
"304","362"
"304","83"
"304","286"
"304","276"
"304","107"
"304","109"
"305","173"
"305","348"
"305","115"
"305","446"
"305","347"
"305","402"
"305","407"
"305","449"
"305","307"
"305","69"
"305","139"
"305","329"
"305","67"
"305","212"
"305","125"
"305","204"
"305","132"
"308","155"
"308","202"
"308","60"
"308","29"
"308","25"
"308","32"
"308","31"
"308","26"
"308","220"
"308","33"
"308","219"
"308","161"
"308","302"
"308","178"
"308","150"
"308","3"
"308","190"
"308","191"
"308","96"
"308","68"
"308","2"
"308","422"
"308","82"
"308","160"
"308","92"
"308","427"
"308","104"
"308","48"
"308","426"
"308","216"
"308","102"
"308","121"
"308","172"
"308","417"
"308","357"
"308","356"
"308","344"
"308","21"
"308","112"
"308","110"
"308","125"
"308","158"
"308","109"
"308","320"
"308","131"
"308","184"
"308","310"
"308","182"
"308","311"
"308","193"
"308","141"
"308","99"
"308","204"
"308","183"
"308","165"
"308","181"
"308","35"
"308","346"
"308","371"
"308","428"
"308","177"
"308","139"
"308","425"
"308","151"
"308","107"
"308","472"
"308","174"
"308","367"
"308","335"
"308","319"
"308","324"
"308","355"
"308","345"
"308","209"
"308","198"
"308","368"
"308","167"
"308","179"
"308","372"
"308","89"
"308","341"
"308","69"
"308","119"
"308","136"
"308","206"
"308","130"
"308","348"
"308","118"
"308","132"
"308","129"
"308","111"
"308","108"
"308","347"
"308","93"
"308","173"
"308","351"
"308","366"
"308","70"
"308","333"
"308","336"
"308","207"
"308","437"
"308","175"
"308","315"
"308","312"
"308","122"
"308","12"
"308","338"
"308","50"
"308","325"
"308","328"
"308","201"
"308","18"
"308","45"
"308","87"
"308","58"
"308","59"
"308","305"
"308","329"
"308","200"
"308","340"
"308","199"
"308","313"
"308","442"
"308","364"
"308","365"
"308","176"
"308","331"
"308","145"
"308","143"
"308","144"
"308","410"
"308","339"
"308","361"
"308","65"
"308","153"
"308","34"
"308","168"
"308","332"
"308","214"
"308","142"
"308","363"
"308","362"
"308","213"
"308","211"
"308","212"
"308","317"
"308","402"
"308","407"
"308","152"
"308","462"
"308","53"
"308","415"
"308","413"
"308","376"
"308","42"
"308","6"
"308","451"
"308","373"
"308","4"
"308","452"
"308","414"
"308","379"
"308","318"
"308","63"
"308","75"
"308","76"
"308","448"
"308","458"
"308","450"
"308","286"
"308","64"
"308","51"
"308","187"
"308","83"
"308","276"
"308","435"
"308","436"
"308","37"
"308","421"
"308","471"
"308","438"
"308","374"
"312","155"
"312","302"
"312","161"
"312","18"
"312","29"
"312","356"
"312","357"
"312","109"
"312","112"
"312","110"
"312","367"
"312","99"
"312","3"
"312","179"
"312","220"
"312","2"
"312","33"
"312","190"
"312","191"
"312","45"
"312","219"
"312","184"
"312","320"
"312","180"
"312","51"
"312","346"
"312","349"
"312","418"
"312","317"
"312","371"
"312","173"
"312","189"
"312","328"
"312","122"
"312","193"
"312","310"
"312","311"
"312","151"
"312","101"
"312","150"
"312","206"
"312","78"
"312","417"
"312","121"
"312","82"
"312","104"
"312","25"
"312","165"
"312","166"
"312","60"
"312","427"
"312","131"
"312","348"
"312","307"
"312","163"
"312","164"
"312","344"
"312","209"
"312","324"
"312","319"
"312","372"
"312","172"
"312","174"
"312","178"
"312","177"
"312","175"
"312","426"
"312","347"
"312","182"
"312","153"
"312","207"
"312","421"
"312","420"
"312","341"
"312","167"
"312","119"
"312","440"
"312","183"
"312","116"
"312","350"
"312","48"
"312","364"
"312","365"
"312","40"
"312","355"
"312","438"
"312","340"
"312","312"
"312","111"
"312","124"
"312","168"
"312","345"
"312","24"
"312","34"
"312","58"
"312","93"
"312","59"
"312","136"
"312","133"
"312","199"
"312","130"
"312","428"
"312","360"
"312","366"
"312","46"
"312","305"
"312","338"
"312","352"
"312","50"
"312","129"
"312","330"
"312","363"
"312","362"
"312","416"
"312","453"
"312","329"
"312","4"
"312","42"
"312","376"
"312","335"
"312","53"
"312","98"
"312","87"
"312","373"
"312","359"
"312","156"
"312","6"
"312","157"
"312","65"
"312","214"
"312","318"
"312","313"
"312","368"
"312","204"
"312","437"
"312","142"
"312","333"
"312","424"
"312","213"
"312","212"
"312","286"
"312","64"
"312","145"
"312","144"
"312","276"
"312","73"
"312","415"
"312","351"
"312","126"
"312","325"
"312","187"
"312","75"
"312","63"
"312","76"
"312","125"
"312","70"
"312","143"
"312","458"
"312","447"
"312","36"
"312","79"
"312","450"
"312","413"
"312","132"
"312","452"
"312","200"
"312","469"
"312","135"
"312","37"
"312","343"
"312","451"
"312","374"
"312","26"
"312","408"
"312","201"
"312","107"
"313","157"
"313","155"
"313","184"
"313","200"
"313","28"
"313","37"
"313","350"
"313","116"
"313","335"
"313","163"
"313","301"
"313","428"
"313","319"
"313","324"
"313","329"
"313","318"
"313","437"
"313","452"
"313","410"
"313","451"
"313","25"
"313","119"
"313","209"
"313","408"
"313","346"
"313","349"
"313","216"
"313","173"
"313","325"
"313","214"
"313","348"
"313","164"
"313","347"
"313","368"
"313","201"
"313","432"
"313","87"
"313","465"
"313","320"
"313","341"
"313","464"
"313","367"
"313","355"
"313","168"
"313","434"
"313","68"
"312","68"
"323","155"
"323","174"
"323","328"
"323","338"
"323","177"
"323","172"
"323","181"
"323","37"
"323","373"
"323","6"
"323","361"
"323","167"
"323","83"
"323","417"
"323","204"
"323","355"
"323","418"
"323","75"
"323","317"
"323","104"
"323","345"
"323","336"
"323","135"
"323","32"
"323","24"
"323","175"
"323","38"
"323","25"
"323","190"
"323","440"
"323","179"
"323","58"
"323","305"
"323","173"
"323","348"
"323","111"
"323","347"
"323","108"
"323","344"
"323","438"
"323","372"
"323","7"
"323","402"
"323","407"
"323","113"
"323","131"
"323","114"
"323","437"
"329","166"
"329","165"
"329","142"
"329","99"
"329","121"
"329","352"
"329","333"
"329","335"
"329","116"
"329","66"
"329","350"
"329","320"
"329","346"
"329","349"
"329","168"
"329","45"
"329","371"
"329","422"
"329","379"
"329","307"
"329","319"
"333","359"
"333","180"
"333","320"
"333","96"
"333","45"
"333","371"
"333","330"
"333","346"
"333","349"
"333","122"
"333","87"
"333","130"
"333","72"
"333","115"
"333","343"
"333","450"
"333","276"
"333","286"
"333","168"
"333","113"
"333","18"
"334","368"
"334","200"
"334","16"
"334","201"
"334","101"
"334","329"
"334","67"
"334","465"
"334","28"
"334","214"
"334","219"
"334","220"
"334","42"
"334","377"
"334","212"
"334","213"
"334","103"
"334","156"
"334","157"
"334","139"
"334","54"
"339","184"
"339","315"
"339","310"
"339","312"
"339","311"
"339","113"
"339","107"
"339","109"
"339","166"
"339","34"
"339","216"
"339","114"
"339","144"
"339","143"
"339","447"
"339","458"
"339","448"
"339","63"
"339","142"
"339","350"
"339","116"
"339","199"
"339","46"
"339","66"
"344","155"
"344","328"
"344","422"
"344","179"
"344","111"
"344","108"
"344","3"
"344","161"
"344","302"
"344","18"
"344","131"
"344","29"
"344","220"
"344","82"
"344","359"
"344","150"
"344","70"
"344","219"
"344","367"
"344","50"
"344","36"
"344","136"
"344","130"
"344","153"
"344","129"
"344","35"
"344","421"
"344","420"
"344","32"
"344","141"
"344","329"
"344","368"
"344","174"
"344","176"
"344","122"
"344","333"
"344","177"
"344","373"
"344","160"
"344","145"
"344","411"
"344","54"
"344","276"
"344","42"
"344","377"
"344","376"
"344","83"
"344","286"
"344","366"
"344","461"
"344","451"
"344","452"
"344","317"
"344","338"
"344","61"
"344","402"
"344","407"
"344","125"
"344","78"
"344","28"
"344","313"
"344","101"
"344","348"
"345","347"
"345","173"
"345","175"
"345","25"
"345","26"
"345","453"
"345","356"
"348","184"
"348","82"
"348","33"
"348","193"
"348","96"
"348","173"
"348","21"
"348","375"
"348","367"
"348","368"
"348","109"
"348","110"
"348","180"
"348","191"
"348","190"
"348","131"
"348","320"
"348","346"
"348","349"
"348","35"
"348","45"
"348","172"
"348","160"
"348","48"
"348","189"
"348","357"
"348","356"
"348","168"
"348","311"
"348","307"
"348","155"
"348","99"
"348","181"
"348","158"
"348","32"
"348","352"
"348","350"
"348","116"
"348","152"
"348","207"
"348","318"
"348","206"
"348","319"
"348","324"
"348","141"
"348","111"
"348","348"
"348","108"
"348","347"
"348","409"
"348","312"
"348","167"
"348","340"
"348","174"
"348","166"
"348","373"
"348","341"
"348","338"
"348","89"
"348","339"
"348","62"
"348","2"
"348","78"
"348","355"
"348","28"
"348","329"
"348","414"
"348","336"
"348","132"
"348","328"
"348","34"
"348","301"
"348","58"
"348","59"
"348","305"
"348","363"
"348","362"
"348","313"
"348","12"
"348","309"
"348","176"
"348","366"
"348","130"
"348","136"
"348","317"
"348","418"
"348","129"
"348","42"
"348","376"
"348","201"
"348","200"
"348","440"
"348","83"
"348","64"
"348","53"
"348","345"
"348","344"
"348","156"
"348","157"
"348","144"
"348","351"
"348","145"
"348","143"
"348","333"
"348","276"
"348","434"
"348","199"
"348","286"
"348","437"
"348","119"
"348","424"
"348","98"
"348","359"
"348","87"
"348","70"
"348","63"
"348","37"
"348","142"
"348","464"
"348","402"
"348","407"
"348","458"
"348","447"
"348","61"
"348","211"
"348","31"
"348","75"
"348","435"
"348","93"
"348","451"
"348","452"
"348","436"
"348","76"
"348","73"
"348","343"
"348","450"
"348","426"
"348","40"
"348","219"
"348","216"
"348","471"
"348","417"
"348","150"
"348","161"
"348","92"
"348","68"
"348","29"
"348","103"
"348","151"
"348","25"
"348","50"
"348","411"
"348","51"
"348","220"
"348","204"
"348","202"
"348","135"
"348","325"
"348","36"
"348","24"
"349","189"
"349","59"
"349","319"
"349","193"
"349","305"
"349","375"
"349","87"
"349","346"
"349","345"
"349","200"
"349","318"
"349","352"
"349","114"
"349","121"
"349","115"
"349","428"
"349","37"
"349","201"
"349","182"
"349","58"
"349","167"
"349","432"
"349","464"
"349","180"
"349","435"
"349","436"
"349","80"
"349","332"
"349","365"
"349","65"
"349","320"
"349","434"
"349","168"
"349","364"
"349","416"
"349","68"
"349","69"
"349","212"
"349","213"
"349","344"
"349","119"
"349","324"
"349","437"
"350","416"
"350","213"
"350","212"
"350","214"
"350","465"
"350","448"
"351","167"
"351","172"
"351","313"
"351","48"
"351","418"
"351","447"
"351","448"
"351","93"
"351","417"
"351","338"
"351","104"
"351","366"
"351","136"
"351","3"
"351","155"
"351","32"
"351","365"
"351","328"
"351","129"
"351","157"
"351","190"
"351","191"
"351","109"
"351","329"
"351","181"
"351","345"
"351","174"
"351","70"
"351","355"
"351","135"
"351","434"
"351","373"
"351","6"
"351","4"
"351","276"
"351","286"
"351","343"
"351","344"
"351","450"
"351","26"
"351","161"
"351","25"
"351","302"
"351","437"
"351","317"
"351","121"
"352","179"
"352","34"
"352","348"
"352","111"
"352","347"
"352","372"
"352","108"
"352","114"
"352","101"
"352","402"
"352","407"
"352","113"
"361","359"
"361","320"
"361","18"
"361","180"
"361","122"
"361","353"
"361","184"
"361","158"
"361","356"
"361","319"
"361","60"
"361","324"
"361","439"
"361","440"
"361","408"
"361","79"
"361","173"
"361","220"
"361","219"
"361","367"
"361","333"
"361","153"
"361","168"
"361","341"
"361","432"
"361","141"
"361","196"
"361","305"
"361","83"
"361","65"
"361","76"
"361","35"
"361","75"
"361","45"
"361","132"
"361","210"
"361","37"
"361","364"
"361","216"
"362","207"
"362","28"
"362","301"
"362","368"
"362","87"
"362","379"
"362","465"
"362","307"
"362","435"
"362","363"
"362","362"
"362","212"
"362","377"
"362","376"
"362","42"
"362","69"
"362","213"
"362","214"
"362","336"
"362","175"
"362","73"
"362","50"
"362","67"
"363","414"
"363","150"
"363","190"
"363","191"
"363","33"
"363","25"
"363","26"
"363","3"
"365","359"
"365","202"
"365","48"
"365","161"
"365","346"
"365","320"
"365","349"
"365","87"
"365","102"
"365","167"
"365","368"
"365","417"
"365","219"
"365","220"
"365","341"
"365","89"
"365","18"
"365","302"
"365","131"
"365","172"
"365","121"
"365","181"
"365","109"
"365","324"
"365","27"
"365","353"
"365","155"
"365","60"
"365","356"
"365","357"
"365","179"
"365","119"
"365","377"
"365","168"
"365","70"
"365","173"
"365","158"
"365","207"
"365","163"
"365","45"
"365","164"
"365","35"
"365","335"
"365","312"
"365","16"
"365","310"
"365","311"
"365","183"
"365","153"
"365","182"
"365","427"
"365","426"
"365","58"
"365","364"
"365","365"
"365","50"
"365","193"
"365","151"
"365","465"
"365","372"
"365","99"
"365","366"
"365","409"
"365","199"
"365","352"
"365","46"
"365","174"
"365","418"
"365","198"
"365","122"
"365","68"
"365","51"
"365","317"
"365","116"
"365","108"
"365","348"
"365","347"
"365","21"
"365","432"
"365","176"
"365","424"
"365","345"
"365","214"
"365","2"
"365","350"
"365","286"
"365","333"
"365","437"
"365","184"
"365","464"
"365","371"
"365","165"
"365","313"
"365","144"
"365","145"
"365","143"
"365","379"
"365","414"
"365","318"
"365","328"
"365","177"
"365","83"
"365","82"
"365","65"
"365","64"
"365","373"
"365","4"
"365","458"
"365","75"
"365","415"
"365","363"
"365","362"
"365","402"
"365","136"
"365","12"
"365","201"
"365","200"
"365","434"
"365","67"
"365","129"
"365","142"
"365","32"
"365","61"
"365","62"
"365","210"
"365","157"
"365","435"
"365","436"
"365","376"
"365","375"
"365","42"
"365","325"
"365","351"
"365","24"
"365","211"
"365","36"
"365","132"
"365","37"
"365","76"
"365","413"
"365","80"
"365","448"
"365","440"
"365","98"
"365","361"
"365","411"
"365","54"
"365","276"
"365","79"
"365","66"
"365","188"
"365","187"
"365","166"
"365","451"
"365","63"
"365","34"
"365","461"
"365","338"
"365","206"
"365","204"
"365","40"
"366","184"
"366","204"
"366","70"
"366","220"
"366","202"
"366","68"
"366","26"
"366","161"
"366","302"
"366","109"
"366","307"
"366","180"
"366","366"
"366","417"
"366","219"
"366","179"
"366","25"
"366","422"
"366","107"
"366","33"
"366","121"
"366","99"
"366","2"
"366","82"
"366","301"
"366","173"
"366","353"
"366","27"
"366","48"
"366","355"
"366","152"
"366","357"
"366","3"
"366","189"
"366","367"
"366","181"
"366","167"
"366","356"
"366","104"
"366","32"
"366","320"
"366","122"
"366","31"
"366","346"
"366","45"
"366","349"
"366","371"
"366","163"
"366","190"
"366","191"
"366","193"
"366","21"
"366","164"
"366","158"
"366","183"
"366","206"
"366","207"
"366","216"
"366","165"
"366","51"
"366","182"
"366","186"
"366","471"
"366","209"
"366","341"
"366","89"
"366","35"
"366","111"
"366","108"
"366","368"
"366","372"
"366","324"
"366","427"
"366","305"
"366","59"
"366","58"
"366","344"
"366","418"
"366","317"
"366","310"
"366","312"
"366","340"
"366","311"
"366","347"
"366","348"
"366","409"
"366","151"
"366","461"
"366","437"
"366","359"
"366","328"
"366","338"
"366","155"
"366","313"
"366","168"
"366","174"
"366","12"
"366","132"
"366","426"
"366","339"
"366","157"
"366","199"
"366","36"
"366","201"
"366","175"
"366","116"
"366","200"
"366","432"
"366","364"
"366","365"
"366","172"
"366","345"
"366","373"
"366","4"
"366","46"
"366","24"
"366","93"
"366","333"
"366","286"
"366","336"
"366","119"
"366","363"
"366","362"
"366","211"
"366","53"
"366","465"
"366","50"
"366","439"
"366","379"
"366","37"
"366","351"
"366","309"
"366","438"
"366","424"
"366","414"
"366","64"
"366","376"
"366","377"
"366","42"
"366","440"
"366","16"
"366","330"
"366","434"
"366","98"
"366","469"
"366","360"
"366","136"
"366","464"
"366","69"
"366","34"
"366","177"
"366","87"
"366","133"
"366","130"
"366","129"
"366","143"
"366","145"
"366","144"
"366","325"
"366","276"
"366","212"
"366","214"
"366","402"
"366","407"
"366","415"
"366","61"
"366","322"
"366","413"
"366","65"
"366","135"
"366","75"
"366","447"
"366","458"
"366","213"
"366","448"
"366","352"
"366","63"
"366","318"
"366","142"
"366","435"
"366","343"
"366","436"
"366","79"
"366","76"
"366","176"
"366","361"
"366","54"
"366","411"
"366","255"
"366","40"
"366","335"
"366","153"
"366","421"
"366","450"
"366","60"
"366","131"
"366","150"
"366","80"
"366","66"
"366","123"
"366","62"
"366","408"
"366","83"
"366","451"
"366","156"
"366","315"
"366","460"
"367","155"
"367","25"
"367","26"
"367","439"
"367","220"
"367","417"
"367","161"
"367","82"
"367","99"
"367","202"
"367","219"
"367","121"
"367","160"
"367","302"
"367","3"
"367","51"
"367","422"
"367","150"
"367","204"
"367","110"
"367","109"
"367","107"
"367","184"
"367","355"
"367","24"
"367","179"
"367","216"
"367","416"
"367","433"
"367","2"
"367","16"
"367","180"
"367","198"
"367","183"
"367","377"
"367","375"
"367","193"
"367","357"
"367","356"
"367","182"
"367","172"
"367","173"
"367","104"
"367","189"
"367","164"
"367","163"
"367","181"
"367","328"
"367","318"
"367","48"
"367","319"
"367","324"
"367","158"
"367","425"
"367","301"
"367","27"
"367","353"
"367","367"
"367","190"
"367","32"
"367","191"
"367","31"
"367","151"
"367","345"
"367","153"
"367","320"
"367","346"
"367","310"
"367","312"
"367","311"
"367","206"
"367","167"
"367","209"
"367","35"
"367","460"
"367","207"
"367","33"
"367","372"
"367","364"
"367","365"
"367","18"
"367","421"
"367","450"
"367","60"
"367","349"
"367","165"
"367","341"
"367","116"
"367","45"
"367","418"
"367","89"
"367","350"
"367","340"
"367","347"
"367","28"
"367","368"
"367","426"
"367","427"
"367","21"
"367","317"
"367","66"
"367","339"
"367","36"
"367","111"
"367","108"
"367","359"
"367","352"
"367","168"
"367","309"
"367","174"
"367","286"
"367","409"
"367","438"
"367","4"
"367","373"
"367","211"
"367","335"
"367","255"
"367","336"
"367","344"
"367","437"
"367","62"
"367","64"
"367","65"
"367","178"
"367","156"
"367","157"
"367","305"
"367","176"
"367","58"
"367","59"
"367","12"
"367","37"
"367","201"
"367","200"
"367","402"
"367","461"
"367","214"
"367","212"
"367","325"
"367","363"
"367","362"
"367","424"
"367","93"
"367","333"
"367","87"
"367","46"
"367","199"
"367","315"
"367","119"
"367","465"
"367","440"
"367","126"
"367","142"
"367","132"
"367","471"
"367","342"
"367","343"
"367","338"
"367","123"
"367","42"
"367","376"
"367","414"
"367","40"
"367","50"
"367","53"
"367","276"
"367","451"
"367","136"
"367","130"
"367","133"
"367","129"
"367","75"
"367","83"
"367","452"
"367","76"
"367","68"
"367","435"
"367","322"
"367","413"
"367","379"
"367","351"
"367","436"
"367","91"
"367","34"
"367","447"
"367","458"
"367","448"
"367","415"
"367","98"
"367","125"
"367","330"
"367","122"
"367","469"
"367","331"
"367","79"
"367","80"
"367","135"
"367","213"
"367","166"
"367","366"
"367","63"
"367","144"
"367","143"
"367","145"
"367","361"
"367","462"
"367","70"
"367","175"
"367","434"
"367","411"
"370","184"
"370","150"
"370","180"
"370","364"
"370","365"
"370","16"
"370","458"
"370","189"
"370","183"
"370","182"
"370","467"
"370","63"
"370","64"
"370","82"
"370","113"
"370","204"
"370","114"
"374","174"
"374","177"
"374","328"
"374","129"
"374","155"
"374","151"
"374","336"
"374","116"
"374","350"
"374","313"
"374","3"
"374","48"
"374","448"
"374","191"
"374","190"
"374","142"
"374","373"
"374","75"
"374","167"
"374","6"
"374","4"
"374","76"
"374","286"
"374","175"
"374","355"
"374","417"
"374","122"
"374","276"
"374","450"
"374","325"
"374","104"
"374","37"
"374","113"
"374","26"
"374","114"
"374","18"
"374","179"
"374","338"
"374","111"
"374","108"
"374","173"
"374","25"
"374","61"
"374","414"
"375","329"
"375","344"
"375","402"
"375","407"
"375","101"
"375","111"
"375","318"
"375","447"
"375","437"
"375","219"
"375","220"
"375","83"
"375","347"
"375","348"
"375","315"
"375","173"
"385","359"
"385","324"
"385","320"
"385","67"
"385","367"
"385","319"
"385","317"
"385","415"
"385","65"
"385","28"
"385","366"
"385","141"
"385","439"
"385","372"
"385","333"
"385","87"
"385","98"
"385","434"
"385","216"
"385","79"
"385","168"
"385","115"
"386","356"
"386","357"
"386","418"
"386","375"
"386","465"
"386","211"
"386","210"
"386","80"
"386","132"
"386","70"
"386","135"
"386","368"
"386","50"
"386","42"
"386","377"
"386","363"
"386","362"
"386","213"
"386","212"
"386","103"
"386","166"
"386","165"
"386","379"
"395","93"
"395","3"
"395","155"
"395","48"
"395","121"
"395","328"
"395","111"
"395","173"
"395","108"
"395","313"
"395","415"
"395","1"
"395","18"
"395","345"
"395","26"
"395","70"
"395","50"
"395","176"
"395","174"
"395","336"
"395","177"
"395","179"
"395","175"
"395","319"
"395","122"
"395","333"
"395","439"
"395","42"
"395","377"
"395","366"
"395","37"
"395","53"
"395","141"
"395","324"
"395","320"
"395","104"
"395","6"
"395","373"
"395","82"
"395","4"
"395","201"
"395","200"
"395","167"
"395","180"
"395","136"
"395","130"
"395","157"
"395","368"
"395","16"
"395","59"
"395","305"
"395","220"
"395","89"
"395","341"
"395","338"
"395","65"
"395","45"
"395","61"
"395","212"
"395","213"
"395","78"
"395","125"
"395","411"
"395","54"
"395","75"
"395","76"
"395","129"
"395","286"
"395","219"
"395","83"
"395","276"
"395","115"
"396","359"
"396","113"
"396","132"
"396","131"
"396","101"
"396","461"
"396","301"
"396","27"
"396","402"
"396","407"
"396","209"
"396","416"
"396","166"
"396","184"
"396","363"
"396","362"
"396","372"
"396","343"
"397","32"
"397","29"
"397","414"
"397","379"
"399","180"
"399","202"
"399","33"
"399","302"
"399","210"
"399","131"
"399","161"
"399","190"
"399","191"
"399","101"
"399","21"
"399","328"
"399","16"
"399","160"
"399","193"
"399","359"
"399","345"
"399","311"
"399","312"
"399","310"
"399","198"
"399","70"
"399","356"
"399","357"
"399","35"
"399","372"
"399","172"
"399","99"
"399","36"
"399","89"
"399","341"
"399","83"
"399","286"
"399","427"
"399","437"
"399","344"
"399","338"
"399","317"
"399","53"
"399","184"
"399","375"
"399","377"
"399","93"
"399","165"
"399","87"
"399","340"
"399","141"
"399","409"
"399","12"
"399","313"
"399","119"
"399","118"
"399","411"
"399","305"
"399","363"
"399","362"
"399","59"
"399","339"
"399","417"
"399","361"
"399","464"
"399","425"
"399","61"
"399","201"
"399","200"
"399","37"
"399","364"
"399","365"
"399","136"
"399","440"
"399","64"
"399","130"
"399","129"
"399","63"
"399","132"
"399","438"
"399","407"
"399","402"
"399","332"
"399","329"
"399","40"
"399","145"
"399","143"
"399","144"
"399","435"
"399","325"
"399","450"
"399","355"
"399","188"
"399","187"
"399","276"
"399","73"
"399","24"
"399","414"
"399","379"
"399","448"
"399","458"
"399","331"
"399","366"
"399","115"
"400","202"
"400","437"
"400","375"
"400","119"
"400","87"
"400","193"
"400","356"
"400","344"
"400","357"
"400","331"
"400","152"
"400","459"
"400","432"
"400","464"
"400","329"
"400","98"
"400","80"
"400","408"
"400","465"
"400","38"
"401","465"
"401","42"
"401","376"
"401","461"
"401","38"
"401","408"
"421","104"
"421","173"
"421","175"
"421","167"
"421","38"
"421","318"
"421","51"
"421","37"
"429","3"
"429","113"
"429","70"
"429","155"
"429","328"
"429","48"
"429","26"
"429","25"
"429","176"
"429","174"
"429","177"
"429","32"
"429","1"
"429","29"
"429","78"
"429","131"
"429","18"
"429","111"
"429","108"
"429","333"
"429","435"
"429","173"
"429","129"
"429","345"
"429","31"
"429","276"
"429","364"
"429","365"
"429","122"
"429","372"
"429","82"
"429","286"
"429","165"
"429","186"
"429","136"
"429","4"
"429","130"
"429","178"
"429","104"
"429","37"
"429","313"
"430","347"
"430","348"
"430","179"
"430","209"
"430","16"
"430","402"
"430","407"
"430","357"
"430","356"
"430","379"
"430","439"
"430","329"
"430","50"
"430","336"
"430","166"
"430","212"
"430","213"
"430","125"
"430","447"
"430","448"
"430","458"
"430","150"
"433","155"
"433","78"
"433","113"
"433","114"
"433","439"
"433","178"
"433","122"
"433","26"
"433","121"
"433","25"
"433","202"
"433","150"
"433","3"
"433","18"
"433","107"
"433","112"
"433","96"
"433","92"
"433","29"
"433","31"
"433","219"
"433","180"
"433","27"
"433","353"
"433","428"
"433","427"
"433","161"
"433","101"
"433","48"
"433","302"
"433","1"
"433","167"
"433","426"
"433","220"
"433","184"
"433","21"
"433","320"
"433","346"
"433","33"
"433","2"
"433","418"
"433","417"
"433","168"
"433","45"
"433","310"
"433","311"
"433","312"
"433","181"
"433","158"
"433","104"
"433","425"
"433","343"
"433","109"
"433","141"
"433","68"
"433","35"
"433","36"
"433","183"
"433","367"
"433","368"
"433","357"
"433","182"
"433","356"
"433","307"
"433","319"
"433","153"
"433","99"
"433","345"
"433","348"
"433","347"
"433","338"
"433","191"
"433","190"
"433","89"
"433","324"
"433","174"
"433","177"
"433","341"
"433","34"
"433","165"
"433","82"
"433","173"
"433","156"
"433","132"
"433","216"
"433","359"
"433","70"
"433","50"
"433","352"
"433","335"
"433","28"
"433","336"
"433","318"
"433","111"
"433","108"
"433","119"
"433","325"
"433","328"
"433","212"
"433","355"
"433","364"
"433","365"
"433","434"
"433","286"
"433","313"
"433","471"
"433","65"
"433","189"
"433","172"
"433","136"
"433","464"
"433","130"
"433","333"
"433","6"
"433","129"
"433","213"
"433","58"
"433","59"
"433","305"
"433","24"
"433","438"
"433","329"
"433","340"
"433","409"
"433","62"
"433","4"
"433","376"
"433","42"
"433","375"
"433","377"
"433","200"
"433","126"
"433","339"
"433","363"
"433","362"
"433","142"
"433","276"
"433","450"
"433","415"
"433","437"
"433","344"
"433","61"
"433","40"
"433","135"
"433","37"
"433","199"
"433","46"
"433","330"
"433","331"
"433","447"
"433","458"
"433","63"
"433","204"
"433","361"
"433","67"
"433","32"
"433","125"
"433","402"
"433","407"
"433","451"
"433","452"
"433","193"
"456","177"
"456","101"
"456","78"
"456","155"
"456","18"
"456","82"
"456","158"
"456","2"
"456","3"
"456","32"
"456","93"
"456","324"
"456","173"
"456","141"
"456","179"
"456","351"
"456","111"
"456","131"
"456","104"
"456","70"
"456","313"
"456","1"
"456","367"
"456","26"
"456","36"
"456","35"
"456","174"
"456","415"
"456","373"
"456","6"
"456","50"
"456","122"
"456","432"
"456","4"
"456","75"
"456","76"
"456","132"
"456","25"
"456","214"
"456","341"
"456","135"
"456","123"
"456","332"
"456","338"
"456","374"
"456","450"
"456","182"
"456","37"
"456","125"
"456","286"
"456","276"
"456","345"
"457","319"
"457","465"
"457","307"
"457","372"
"457","42"
"457","375"
"457","377"
"457","376"
"457","80"
"457","357"
"457","356"
"457","336"
"457","329"
"457","451"
"457","209"
"457","452"
"457","453"
"460","468"
"460","131"
"460","113"
"460","33"
"460","426"
"460","207"
"460","302"
"460","172"
"460","2"
"460","121"
"460","112"
"460","319"
"460","25"
"460","26"
"460","219"
"460","160"
"460","110"
"460","173"
"460","18"
"460","92"
"460","346"
"460","324"
"460","181"
"460","320"
"460","3"
"460","417"
"460","161"
"460","352"
"460","193"
"460","427"
"460","168"
"460","150"
"460","190"
"460","191"
"460","377"
"460","48"
"460","82"
"460","107"
"460","35"
"460","335"
"460","36"
"460","183"
"460","202"
"460","374"
"460","104"
"460","310"
"460","311"
"460","312"
"460","182"
"460","216"
"460","425"
"460","155"
"460","60"
"460","1"
"460","367"
"460","428"
"460","132"
"460","344"
"460","345"
"460","174"
"460","177"
"460","348"
"460","347"
"460","372"
"460","99"
"460","65"
"460","151"
"460","21"
"460","356"
"460","357"
"460","165"
"460","28"
"460","78"
"460","410"
"460","301"
"460","409"
"460","178"
"460","336"
"460","93"
"460","328"
"460","318"
"460","34"
"460","50"
"460","167"
"460","340"
"460","461"
"460","286"
"460","339"
"460","184"
"460","341"
"460","186"
"460","440"
"460","89"
"460","338"
"460","111"
"460","108"
"460","363"
"460","362"
"460","376"
"460","375"
"460","434"
"460","329"
"460","153"
"460","42"
"460","333"
"460","332"
"460","59"
"460","62"
"460","305"
"460","58"
"460","64"
"460","325"
"460","70"
"460","69"
"460","126"
"460","53"
"460","411"
"460","156"
"460","119"
"460","133"
"460","75"
"460","136"
"460","130"
"460","129"
"460","76"
"460","368"
"460","16"
"460","37"
"460","63"
"460","144"
"460","143"
"460","331"
"460","210"
"460","212"
"460","61"
"460","6"
"460","373"
"460","364"
"460","365"
"460","330"
"460","4"
"460","424"
"460","87"
"460","213"
"460","276"
"460","40"
"460","68"
"460","414"
"460","379"
"460","450"
"460","448"
"460","447"
"460","458"
"460","141"
"460","80"
"460","157"
"460","452"
"460","211"
"460","79"
"460","166"
"460","353"
"460","32"
"460","313"
"460","359"
"460","125"
"460","402"
"460","407"
"460","27"
"460","451"
"460","101"
"460","204"
"460","343"
"460","421"
"460","123"
"460","349"
"492","101"
"495","359"
"495","418"
"495","190"
"495","191"
"495","353"
"495","173"
"495","27"
"495","110"
"495","180"
"495","343"
"495","427"
"495","167"
"495","320"
"495","346"
"495","155"
"495","45"
"495","216"
"495","348"
"495","347"
"495","181"
"495","172"
"495","328"
"495","122"
"495","82"
"495","210"
"495","25"
"495","202"
"495","220"
"495","349"
"495","35"
"495","50"
"495","319"
"495","324"
"495","179"
"495","3"
"495","121"
"495","48"
"495","352"
"495","36"
"495","26"
"495","368"
"495","51"
"495","174"
"495","68"
"495","177"
"495","204"
"495","161"
"495","312"
"495","310"
"495","311"
"495","92"
"495","113"
"495","175"
"495","425"
"495","176"
"495","186"
"495","356"
"495","357"
"495","178"
"495","338"
"495","99"
"495","89"
"495","408"
"495","33"
"495","341"
"495","193"
"495","165"
"495","409"
"495","111"
"495","151"
"495","108"
"495","18"
"495","219"
"495","28"
"495","336"
"495","141"
"495","158"
"495","340"
"495","351"
"495","360"
"495","333"
"495","286"
"495","355"
"495","65"
"495","434"
"495","440"
"495","367"
"495","413"
"495","199"
"495","305"
"495","59"
"495","58"
"495","168"
"495","461"
"495","450"
"495","46"
"495","57"
"495","132"
"495","339"
"495","301"
"495","37"
"495","433"
"495","126"
"495","184"
"495","64"
"495","87"
"495","61"
"495","313"
"495","325"
"495","366"
"495","75"
"495","6"
"495","212"
"495","373"
"495","156"
"495","153"
"495","213"
"495","21"
"495","437"
"495","344"
"495","136"
"495","129"
"495","53"
"495","364"
"495","365"
"495","415"
"495","335"
"495","189"
"495","73"
"495","70"
"495","363"
"495","362"
"495","198"
"495","375"
"495","377"
"495","142"
"495","329"
"495","318"
"495","417"
"495","402"
"495","407"
"495","276"
"495","40"
"495","63"
"495","448"
"495","361"
"495","447"
"495","458"
"495","125"
"495","421"
"495","426"
"495","451"
"495","452"
"495","83"
"495","150"
"495","119"
"495","101"
"495","131"
"495","24"
"495","207"
"498","172"
"498","328"
"498","181"
"498","191"
"498","190"
"498","129"
"498","439"
"498","155"
"498","324"
"498","136"
"498","93"
"498","367"
"498","68"
"498","70"
"498","18"
"498","131"
"498","309"
"498","108"
"498","359"
"498","121"
"498","48"
"498","16"
"498","468"
"498","122"
"498","209"
"498","104"
"498","348"
"498","173"
"498","347"
"498","82"
"498","67"
"498","373"
"498","179"
"498","180"
"498","92"
"498","447"
"498","448"
"498","45"
"498","61"
"498","204"
"498","434"
"498","366"
"498","103"
"498","276"
"498","350"
"498","116"
"498","402"
"498","150"
"498","417"
"498","355"
"498","435"
"498","3"
"498","436"
"499","175"
"499","336"
"499","174"
"499","177"
"499","338"
"499","83"
"499","220"
"499","101"
"499","402"
"499","343"
"499","207"
"499","330"
"499","26"
"499","28"
"499","356"
"499","357"
"499","413"
"499","42"
"499","35"
"499","331"
"499","219"
"499","450"
"499","113"
"500","318"
"500","40"
